<?xml version="1.0" encoding="UTF-8"?><?xml-stylesheet type='text/xsl' href='_UpgradeReport_Files/UpgradeReport.xslt'?><UpgradeLog>
<Properties><Property Name="Solution" Value="Test">
</Property><Property Name="解决方案文件" Value="C:\Documents and Settings\Administrator\桌面\libevent学习\Server\Test.sln">
</Property><Property Name="Date" Value="2018年11月15日">
</Property><Property Name="Time" Value="8:38:57">
</Property><Property Name="日志号" Value="2">
</Property></Properties><Event ErrorLevel="0" Project="Test" Source="Test.vcproj" Description="Converting project file 'C:\Documents and Settings\Administrator\桌面\libevent学习\Server\Test.vcproj'.">
</Event><Event ErrorLevel="1" Project="Test" Source="Test.vcproj" Description="This application has been updated to include settings related to the User Account Control (UAC) feature of Windows Vista. By default, when run on Windows Vista with UAC enabled, this application is marked to run with the same privileges as the process that launched it. This marking also disables the application from running with virtualization. You can change UAC related settings from the Property Pages of the project.">
</Event><Event ErrorLevel="1" Project="Test" Source="Test.vcproj" Description="VCWebServiceProxyGeneratorTool is no longer supported. The tool has been removed from your project settings.">
</Event><Event ErrorLevel="1" Project="Test" Source="Test.vcproj" Description="Attribute 'Detect64BitPortabilityProblems' of 'VCCLCompilerTool' is not supported in this version and has been removed during conversion.">
</Event><Event ErrorLevel="0" Project="Test" Source="Test.vcproj" Description="Web deployment to the local IIS server is no longer supported. The Web Deployment build tool has been removed from your project settings.">
</Event><Event ErrorLevel="1" Project="Test" Source="Test.vcproj" Description="Attribute 'Detect64BitPortabilityProblems' of 'VCCLCompilerTool' is not supported in this version and has been removed during conversion.">
</Event><Event ErrorLevel="0" Project="Test" Source="Test.vcproj" Description="Done converting to new project file 'C:\Documents and Settings\Administrator\桌面\libevent学习\Server\Test.vcxproj'.">
</Event><Event ErrorLevel="3" Project="Test" Source="Test.vcproj" Description="Converted">
</Event></UpgradeLog>